Time_ID,Time_Key,Time_Level,Int_Parent_ID,Parent_ID,Time_Desc
1,D001,0,1149,WK01,2/6/2015
2,D002,0,1149,WK01,2/7/2015
3,D003,0,1149,WK01,2/8/2015
4,D004,0,1149,WK01,2/9/2015
5,D005,0,1149,WK01,2/10/2015
6,D006,0,1149,WK01,2/11/2015
7,D007,0,1149,WK01,2/12/2015
8,D008,0,1150,WK02,2/13/2015
9,D009,0,1150,WK02,2/14/2015
10,D010,0,1150,WK02,2/15/2015
11,D011,0,1150,WK02,2/16/2015
12,D012,0,1150,WK02,2/17/2015
13,D013,0,1150,WK02,2/18/2015
14,D014,0,1150,WK02,2/19/2015
15,D015,0,1151,WK03,2/20/2015
16,D016,0,1151,WK03,2/21/2015
17,D017,0,1151,WK03,2/22/2015
18,D018,0,1151,WK03,2/23/2015
19,D019,0,1151,WK03,2/24/2015
20,D020,0,1151,WK03,2/25/2015
21,D021,0,1151,WK03,2/26/2015
22,D022,0,1152,WK04,2/27/2015
23,D023,0,1152,WK04,2/28/2015
24,D024,0,1152,WK04,3/1/2015
25,D025,0,1152,WK04,3/2/2015
26,D026,0,1152,WK04,3/3/2015
27,D027,0,1152,WK04,3/4/2015
28,D028,0,1152,WK04,3/5/2015
29,D029,0,1153,WK05,3/6/2015
30,D030,0,1153,WK05,3/7/2015
31,D031,0,1153,WK05,3/8/2015
32,D032,0,1153,WK05,3/9/2015
33,D033,0,1153,WK05,3/10/2015
34,D034,0,1153,WK05,3/11/2015
35,D035,0,1153,WK05,3/12/2015
36,D036,0,1154,WK06,3/13/2015
37,D037,0,1154,WK06,3/14/2015
38,D038,0,1154,WK06,3/15/2015
39,D039,0,1154,WK06,3/16/2015
40,D040,0,1154,WK06,3/17/2015
41,D041,0,1154,WK06,3/18/2015
42,D042,0,1154,WK06,3/19/2015
43,D043,0,1155,WK07,3/20/2015
44,D044,0,1155,WK07,3/21/2015
45,D045,0,1155,WK07,3/22/2015
46,D046,0,1155,WK07,3/23/2015
47,D047,0,1155,WK07,3/24/2015
48,D048,0,1155,WK07,3/25/2015
49,D049,0,1155,WK07,3/26/2015
50,D050,0,1156,WK08,3/27/2015
51,D051,0,1156,WK08,3/28/2015
52,D052,0,1156,WK08,3/29/2015
53,D053,0,1156,WK08,3/30/2015
54,D054,0,1156,WK08,3/31/2015
55,D055,0,1156,WK08,4/1/2015
56,D056,0,1156,WK08,4/2/2015
57,D057,0,1157,WK09,4/3/2015
58,D058,0,1157,WK09,4/4/2015
59,D059,0,1157,WK09,4/5/2015
60,D060,0,1157,WK09,4/6/2015
61,D061,0,1157,WK09,4/7/2015
62,D062,0,1157,WK09,4/8/2015
63,D063,0,1157,WK09,4/9/2015
64,D064,0,1158,WK10,4/10/2015
65,D065,0,1158,WK10,4/11/2015
66,D066,0,1158,WK10,4/12/2015
67,D067,0,1158,WK10,4/13/2015
68,D068,0,1158,WK10,4/14/2015
69,D069,0,1158,WK10,4/15/2015
70,D070,0,1158,WK10,4/16/2015
71,D071,0,1159,WK11,4/17/2015
72,D072,0,1159,WK11,4/18/2015
73,D073,0,1159,WK11,4/19/2015
74,D074,0,1159,WK11,4/20/2015
75,D075,0,1159,WK11,4/21/2015
76,D076,0,1159,WK11,4/22/2015
77,D077,0,1159,WK11,4/23/2015
78,D078,0,1160,WK12,4/24/2015
79,D079,0,1160,WK12,4/25/2015
80,D080,0,1160,WK12,4/26/2015
81,D081,0,1160,WK12,4/27/2015
82,D082,0,1160,WK12,4/28/2015
83,D083,0,1160,WK12,4/29/2015
84,D084,0,1160,WK12,4/30/2015
85,D085,0,1160,WK13,5/1/2015
86,D086,0,1161,WK13,5/2/2015
87,D087,0,1161,WK13,5/3/2015
88,D088,0,1161,WK13,5/4/2015
89,D089,0,1161,WK13,5/5/2015
90,D090,0,1161,WK13,5/6/2015
91,D091,0,1161,WK13,5/7/2015
92,D092,0,1161,WK14,5/8/2015
93,D093,0,1162,WK14,5/9/2015
94,D094,0,1162,WK14,5/10/2015
95,D095,0,1162,WK14,5/11/2015
96,D096,0,1162,WK14,5/12/2015
97,D097,0,1162,WK14,5/13/2015
98,D098,0,1162,WK14,5/14/2015
99,D099,0,1163,WK15,5/15/2015
100,D100,0,1163,WK15,5/16/2015
101,D101,0,1163,WK15,5/17/2015
102,D102,0,1163,WK15,5/18/2015
103,D103,0,1163,WK15,5/19/2015
104,D104,0,1163,WK15,5/20/2015
105,D105,0,1163,WK15,5/21/2015
106,D106,0,1164,WK16,5/22/2015
107,D107,0,1164,WK16,5/23/2015
108,D108,0,1164,WK16,5/24/2015
109,D109,0,1164,WK16,5/25/2015
110,D110,0,1164,WK16,5/26/2015
111,D111,0,1164,WK16,5/27/2015
112,D112,0,1164,WK16,5/28/2015
113,D113,0,1165,WK17,5/29/2015
114,D114,0,1165,WK17,5/30/2015
115,D115,0,1165,WK17,5/31/2015
116,D116,0,1165,WK17,6/1/2015
117,D117,0,1165,WK17,6/2/2015
118,D118,0,1165,WK17,6/3/2015
119,D119,0,1165,WK17,6/4/2015
120,D120,0,1166,WK18,6/5/2015
121,D121,0,1166,WK18,6/6/2015
122,D122,0,1166,WK18,6/7/2015
123,D123,0,1166,WK18,6/8/2015
124,D124,0,1166,WK18,6/9/2015
125,D125,0,1166,WK18,6/10/2015
126,D126,0,1166,WK18,6/11/2015
127,D127,0,1167,WK19,6/12/2015
128,D128,0,1167,WK19,6/13/2015
129,D129,0,1167,WK19,6/14/2015
130,D130,0,1167,WK19,6/15/2015
131,D131,0,1167,WK19,6/16/2015
132,D132,0,1167,WK19,6/17/2015
133,D133,0,1167,WK19,6/18/2015
134,D134,0,1168,WK20,6/19/2015
135,D135,0,1168,WK20,6/20/2015
136,D136,0,1168,WK20,6/21/2015
137,D137,0,1168,WK20,6/22/2015
138,D138,0,1168,WK20,6/23/2015
139,D139,0,1168,WK20,6/24/2015
140,D140,0,1168,WK20,6/25/2015
141,D141,0,1169,WK21,6/26/2015
142,D142,0,1169,WK21,6/27/2015
143,D143,0,1169,WK21,6/28/2015
144,D144,0,1169,WK21,6/29/2015
145,D145,0,1169,WK21,6/30/2015
146,D146,0,1169,WK21,7/1/2015
147,D147,0,1169,WK21,7/2/2015
148,D148,0,1170,WK22,7/3/2015
149,D149,0,1170,WK22,7/4/2015
150,D150,0,1170,WK22,7/5/2015
151,D151,0,1170,WK22,7/6/2015
152,D152,0,1170,WK22,7/7/2015
153,D153,0,1170,WK22,7/8/2015
154,D154,0,1170,WK22,7/9/2015
155,D155,0,1171,WK23,7/10/2015
156,D156,0,1171,WK23,7/11/2015
157,D157,0,1171,WK23,7/12/2015
158,D158,0,1171,WK23,7/13/2015
159,D159,0,1171,WK23,7/14/2015
160,D160,0,1171,WK23,7/15/2015
161,D161,0,1171,WK23,7/16/2015
162,D162,0,1172,WK24,7/17/2015
163,D163,0,1172,WK24,7/18/2015
164,D164,0,1172,WK24,7/19/2015
165,D165,0,1172,WK24,7/20/2015
166,D166,0,1172,WK24,7/21/2015
167,D167,0,1172,WK24,7/22/2015
168,D168,0,1172,WK24,7/23/2015
169,D169,0,1173,WK25,7/24/2015
170,D170,0,1173,WK25,7/25/2015
171,D171,0,1173,WK25,7/26/2015
172,D172,0,1173,WK25,7/27/2015
173,D173,0,1173,WK25,7/28/2015
174,D174,0,1173,WK25,7/29/2015
175,D175,0,1173,WK25,7/30/2015
176,D176,0,1174,WK26,7/31/2015
177,D177,0,1174,WK26,8/1/2015
178,D178,0,1174,WK26,8/2/2015
179,D179,0,1174,WK26,8/3/2015
180,D180,0,1174,WK26,8/4/2015
181,D181,0,1174,WK26,8/5/2015
182,D182,0,1174,WK26,8/6/2015
183,D183,0,1175,WK27,8/7/2015
184,D184,0,1175,WK27,8/8/2015
185,D185,0,1175,WK27,8/9/2015
186,D186,0,1175,WK27,8/10/2015
187,D187,0,1175,WK27,8/11/2015
188,D188,0,1175,WK27,8/12/2015
189,D189,0,1175,WK27,8/13/2015
190,D190,0,1176,WK28,8/14/2015
191,D191,0,1176,WK28,8/15/2015
192,D192,0,1176,WK28,8/16/2015
193,D193,0,1176,WK28,8/17/2015
194,D194,0,1176,WK28,8/18/2015
195,D195,0,1176,WK28,8/19/2015
196,D196,0,1176,WK28,8/20/2015
197,D197,0,1177,WK29,8/21/2015
198,D198,0,1177,WK29,8/22/2015
199,D199,0,1177,WK29,8/23/2015
200,D200,0,1177,WK29,8/24/2015
201,D201,0,1177,WK29,8/25/2015
202,D202,0,1177,WK29,8/26/2015
203,D203,0,1177,WK29,8/27/2015
204,D204,0,1178,WK30,8/28/2015
205,D205,0,1178,WK30,8/29/2015
206,D206,0,1178,WK30,8/30/2015
207,D207,0,1178,WK30,8/31/2015
208,D208,0,1178,WK30,9/1/2015
209,D209,0,1178,WK30,9/2/2015
210,D210,0,1178,WK30,9/3/2015
211,D211,0,1179,WK31,9/4/2015
212,D212,0,1179,WK31,9/5/2015
213,D213,0,1179,WK31,9/6/2015
214,D214,0,1179,WK31,9/7/2015
215,D215,0,1179,WK31,9/8/2015
216,D216,0,1179,WK31,9/9/2015
217,D217,0,1179,WK31,9/10/2015
218,D218,0,1180,WK32,9/11/2015
219,D219,0,1180,WK32,9/12/2015
220,D220,0,1180,WK32,9/13/2015
221,D221,0,1180,WK32,9/14/2015
222,D222,0,1180,WK32,9/15/2015
223,D223,0,1180,WK32,9/16/2015
224,D224,0,1180,WK32,9/17/2015
225,D225,0,1181,WK33,9/18/2015
226,D226,0,1181,WK33,9/19/2015
227,D227,0,1181,WK33,9/20/2015
228,D228,0,1181,WK33,9/21/2015
229,D229,0,1181,WK33,9/22/2015
230,D230,0,1181,WK33,9/23/2015
231,D231,0,1181,WK33,9/24/2015
232,D232,0,1182,WK34,9/25/2015
233,D233,0,1182,WK34,9/26/2015
234,D234,0,1182,WK34,9/27/2015
235,D235,0,1182,WK34,9/28/2015
236,D236,0,1182,WK34,9/29/2015
237,D237,0,1182,WK34,9/30/2015
238,D238,0,1182,WK34,10/1/2015
239,D239,0,1183,WK35,10/2/2015
240,D240,0,1183,WK35,10/3/2015
241,D241,0,1183,WK35,10/4/2015
242,D242,0,1183,WK35,10/5/2015
243,D243,0,1183,WK35,10/6/2015
244,D244,0,1183,WK35,10/7/2015
245,D245,0,1183,WK35,10/8/2015
246,D246,0,1184,WK36,10/9/2015
247,D247,0,1184,WK36,10/10/2015
248,D248,0,1184,WK36,10/11/2015
249,D249,0,1184,WK36,10/12/2015
250,D250,0,1184,WK36,10/13/2015
251,D251,0,1184,WK36,10/14/2015
252,D252,0,1184,WK36,10/15/2015
253,D253,0,1185,WK37,10/16/2015
254,D254,0,1185,WK37,10/17/2015
255,D255,0,1185,WK37,10/18/2015
256,D256,0,1185,WK37,10/19/2015
257,D257,0,1185,WK37,10/20/2015
258,D258,0,1185,WK37,10/21/2015
259,D259,0,1185,WK37,10/22/2015
260,D260,0,1186,WK38,10/23/2015
261,D261,0,1186,WK38,10/24/2015
262,D262,0,1186,WK38,10/25/2015
263,D263,0,1186,WK38,10/26/2015
264,D264,0,1186,WK38,10/27/2015
265,D265,0,1186,WK38,10/28/2015
266,D266,0,1186,WK38,10/29/2015
267,D267,0,1187,WK39,10/30/2015
268,D268,0,1187,WK39,10/31/2015
269,D269,0,1187,WK39,11/1/2015
270,D270,0,1187,WK39,11/2/2015
271,D271,0,1187,WK39,11/3/2015
272,D272,0,1187,WK39,11/4/2015
273,D273,0,1187,WK39,11/5/2015
274,D274,0,1188,WK40,11/6/2015
275,D275,0,1188,WK40,11/7/2015
276,D276,0,1188,WK40,11/8/2015
277,D277,0,1188,WK40,11/9/2015
278,D278,0,1188,WK40,11/10/2015
279,D279,0,1188,WK40,11/11/2015
280,D280,0,1188,WK40,11/12/2015
281,D281,0,1189,WK41,11/13/2015
282,D282,0,1189,WK41,11/14/2015
283,D283,0,1189,WK41,11/15/2015
284,D284,0,1189,WK41,11/16/2015
285,D285,0,1189,WK41,11/17/2015
286,D286,0,1189,WK41,11/18/2015
287,D287,0,1189,WK41,11/19/2015
288,D288,0,1190,WK42,11/20/2015
289,D289,0,1190,WK42,11/21/2015
290,D290,0,1190,WK42,11/22/2015
291,D291,0,1190,WK42,11/23/2015
292,D292,0,1190,WK42,11/24/2015
293,D293,0,1190,WK42,11/25/2015
294,D294,0,1190,WK42,11/26/2015
295,D295,0,1191,WK43,11/27/2015
296,D296,0,1191,WK43,11/28/2015
297,D297,0,1191,WK43,11/29/2015
298,D298,0,1191,WK43,11/30/2015
299,D299,0,1191,WK43,12/1/2015
300,D300,0,1191,WK43,12/2/2015
301,D301,0,1191,WK43,12/3/2015
302,D302,0,1192,WK44,12/4/2015
303,D303,0,1192,WK44,12/5/2015
304,D304,0,1192,WK44,12/6/2015
305,D305,0,1192,WK44,12/7/2015
306,D306,0,1192,WK44,12/8/2015
307,D307,0,1192,WK44,12/9/2015
308,D308,0,1192,WK44,12/10/2015
309,D309,0,1193,WK45,12/11/2015
310,D310,0,1193,WK45,12/12/2015
311,D311,0,1193,WK45,12/13/2015
312,D312,0,1193,WK45,12/14/2015
313,D313,0,1193,WK45,12/15/2015
314,D314,0,1193,WK45,12/16/2015
315,D315,0,1193,WK45,12/17/2015
316,D316,0,1194,WK46,12/18/2015
317,D317,0,1194,WK46,12/19/2015
318,D318,0,1194,WK46,12/20/2015
319,D319,0,1194,WK46,12/21/2015
320,D320,0,1194,WK46,12/22/2015
321,D321,0,1194,WK46,12/23/2015
322,D322,0,1194,WK46,12/24/2015
323,D323,0,1195,WK47,12/25/2015
324,D324,0,1195,WK47,12/26/2015
325,D325,0,1195,WK47,12/27/2015
326,D326,0,1195,WK47,12/28/2015
327,D327,0,1195,WK47,12/29/2015
328,D328,0,1195,WK47,12/30/2015
329,D329,0,1195,WK47,12/31/2015
330,D330,0,1196,WK48,1/1/2016
331,D331,0,1196,WK48,1/2/2016
332,D332,0,1196,WK48,1/3/2016
333,D333,0,1196,WK48,1/4/2016
334,D334,0,1196,WK48,1/5/2016
335,D335,0,1196,WK48,1/6/2016
336,D336,0,1196,WK48,1/7/2016
337,D337,0,1197,WK49,1/8/2016
338,D338,0,1197,WK49,1/9/2016
339,D339,0,1197,WK49,1/10/2016
340,D340,0,1197,WK49,1/11/2016
341,D341,0,1197,WK49,1/12/2016
342,D342,0,1197,WK49,1/13/2016
343,D343,0,1197,WK49,1/14/2016
344,D344,0,1198,WK50,1/15/2016
345,D345,0,1198,WK50,1/16/2016
346,D346,0,1198,WK50,1/17/2016
347,D347,0,1198,WK50,1/18/2016
348,D348,0,1198,WK50,1/19/2016
349,D349,0,1198,WK50,1/20/2016
350,D350,0,1198,WK50,1/21/2016
351,D351,0,1199,WK51,1/22/2016
352,D352,0,1199,WK51,1/23/2016
353,D353,0,1199,WK51,1/24/2016
354,D354,0,1199,WK51,1/25/2016
355,D355,0,1199,WK51,1/26/2016
356,D356,0,1199,WK51,1/27/2016
357,D357,0,1199,WK51,1/28/2016
358,D358,0,1200,WK52,1/29/2016
359,D359,0,1200,WK52,1/30/2016
360,D360,0,1200,WK52,1/31/2016
361,D361,0,1200,WK52,2/1/2016
362,D362,0,1200,WK52,2/2/2016
363,D363,0,1200,WK52,2/3/2016
364,D364,0,1200,WK52,2/4/2016
365,D365,0,1201,WK53,2/5/2016
366,D366,0,1201,WK53,2/6/2016
367,D367,0,1201,WK53,2/7/2016
368,D368,0,1201,WK53,2/8/2016
369,D369,0,1201,WK53,2/9/2016
370,D370,0,1201,WK53,2/10/2016
371,D371,0,1201,WK53,2/11/2016
372,D372,0,1202,WK54,2/12/2016
373,D373,0,1202,WK54,2/13/2016
374,D374,0,1202,WK54,2/14/2016
375,D375,0,1202,WK54,2/15/2016
376,D376,0,1202,WK54,2/16/2016
377,D377,0,1202,WK54,2/17/2016
378,D378,0,1202,WK54,2/18/2016
379,D379,0,1203,WK55,2/19/2016
380,D380,0,1203,WK55,2/20/2016
381,D381,0,1203,WK55,2/21/2016
382,D382,0,1203,WK55,2/22/2016
383,D383,0,1203,WK55,2/23/2016
384,D384,0,1203,WK55,2/24/2016
385,D385,0,1203,WK55,2/25/2016
386,D386,0,1204,WK56,2/26/2016
387,D387,0,1204,WK56,2/27/2016
388,D388,0,1204,WK56,2/28/2016
389,D389,0,1204,WK56,3/1/2016
390,D390,0,1204,WK56,3/2/2016
391,D391,0,1204,WK56,3/3/2016
392,D392,0,1204,WK56,3/4/2016
393,D393,0,1205,WK57,3/5/2016
394,D394,0,1205,WK57,3/6/2016
395,D395,0,1205,WK57,3/7/2016
396,D396,0,1205,WK57,3/8/2016
397,D397,0,1205,WK57,3/9/2016
398,D398,0,1205,WK57,3/10/2016
399,D399,0,1205,WK57,3/11/2016
400,D400,0,1206,WK58,3/12/2016
401,D401,0,1206,WK58,3/13/2016
402,D402,0,1206,WK58,3/14/2016
403,D403,0,1206,WK58,3/15/2016
404,D404,0,1206,WK58,3/16/2016
405,D405,0,1206,WK58,3/17/2016
406,D406,0,1206,WK58,3/18/2016
407,D407,0,1207,WK59,3/19/2016
408,D408,0,1207,WK59,3/20/2016
409,D409,0,1207,WK59,3/21/2016
410,D410,0,1207,WK59,3/22/2016
411,D411,0,1207,WK59,3/23/2016
412,D412,0,1207,WK59,3/24/2016
413,D413,0,1207,WK59,3/25/2016
414,D414,0,1208,WK60,3/26/2016
415,D415,0,1208,WK60,3/27/2016
416,D416,0,1208,WK60,3/28/2016
417,D417,0,1208,WK60,3/29/2016
418,D418,0,1208,WK60,3/30/2016
419,D419,0,1208,WK60,3/31/2016
420,D420,0,1208,WK60,4/1/2016
421,D421,0,1209,WK61,4/2/2016
422,D422,0,1209,WK61,4/3/2016
423,D423,0,1209,WK61,4/4/2016
424,D424,0,1209,WK61,4/5/2016
425,D425,0,1209,WK61,4/6/2016
426,D426,0,1209,WK61,4/7/2016
427,D427,0,1209,WK61,4/8/2016
428,D428,0,1210,WK62,4/9/2016
429,D429,0,1210,WK62,4/10/2016
430,D430,0,1210,WK62,4/11/2016
431,D431,0,1210,WK62,4/12/2016
432,D432,0,1210,WK62,4/13/2016
433,D433,0,1210,WK62,4/14/2016
434,D434,0,1210,WK62,4/15/2016
435,D435,0,1211,WK63,4/16/2016
436,D436,0,1211,WK63,4/17/2016
437,D437,0,1211,WK63,4/18/2016
438,D438,0,1211,WK63,4/19/2016
439,D439,0,1211,WK63,4/20/2016
440,D440,0,1211,WK63,4/21/2016
441,D441,0,1211,WK63,4/22/2016
442,D442,0,1212,WK64,4/23/2016
443,D443,0,1212,WK64,4/24/2016
444,D444,0,1212,WK64,4/25/2016
445,D445,0,1212,WK64,4/26/2016
446,D446,0,1212,WK64,4/27/2016
447,D447,0,1212,WK64,4/28/2016
448,D448,0,1212,WK64,4/29/2016
449,D449,0,1213,WK65,4/30/2016
450,D450,0,1213,WK65,5/1/2016
451,D451,0,1213,WK65,5/2/2016
452,D452,0,1213,WK65,5/3/2016
453,D453,0,1213,WK65,5/4/2016
454,D454,0,1213,WK65,5/5/2016
455,D455,0,1213,WK65,5/6/2016
456,D456,0,1214,WK66,5/7/2016
457,D457,0,1214,WK66,5/8/2016
458,D458,0,1214,WK66,5/9/2016
459,D459,0,1214,WK66,5/10/2016
460,D460,0,1214,WK66,5/11/2016
461,D461,0,1214,WK66,5/12/2016
462,D462,0,1214,WK66,5/13/2016
463,D463,0,1215,WK67,5/14/2016
464,D464,0,1215,WK67,5/15/2016
465,D465,0,1215,WK67,5/16/2016
466,D466,0,1215,WK67,5/17/2016
467,D467,0,1215,WK67,5/18/2016
468,D468,0,1215,WK67,5/19/2016
469,D469,0,1215,WK67,5/20/2016
470,D470,0,1216,WK68,5/21/2016
471,D471,0,1216,WK68,5/22/2016
472,D472,0,1216,WK68,5/23/2016
473,D473,0,1216,WK68,5/24/2016
474,D474,0,1216,WK68,5/25/2016
475,D475,0,1216,WK68,5/26/2016
476,D476,0,1216,WK68,5/27/2016
477,D477,0,1217,WK69,5/28/2016
478,D478,0,1217,WK69,5/29/2016
479,D479,0,1217,WK69,5/30/2016
480,D480,0,1217,WK69,5/31/2016
481,D481,0,1217,WK69,6/1/2016
482,D482,0,1217,WK69,6/2/2016
483,D483,0,1217,WK69,6/3/2016
484,D484,0,1218,WK70,6/4/2016
485,D485,0,1218,WK70,6/5/2016
486,D486,0,1218,WK70,6/6/2016
487,D487,0,1218,WK70,6/7/2016
488,D488,0,1218,WK70,6/8/2016
489,D489,0,1218,WK70,6/9/2016
490,D490,0,1218,WK70,6/10/2016
491,D491,0,1219,WK71,6/11/2016
492,D492,0,1219,WK71,6/12/2016
493,D493,0,1219,WK71,6/13/2016
494,D494,0,1219,WK71,6/14/2016
495,D495,0,1219,WK71,6/15/2016
496,D496,0,1219,WK71,6/16/2016
497,D497,0,1219,WK71,6/17/2016
498,D498,0,1220,WK72,6/18/2016
499,D499,0,1220,WK72,6/19/2016
500,D500,0,1220,WK72,6/20/2016
501,D501,0,1220,WK72,6/21/2016
502,D502,0,1220,WK72,6/22/2016
503,D503,0,1220,WK72,6/23/2016
504,D504,0,1220,WK72,6/24/2016
505,D505,0,1221,WK73,6/25/2016
506,D506,0,1221,WK73,6/26/2016
507,D507,0,1221,WK73,6/27/2016
508,D508,0,1221,WK73,6/28/2016
509,D509,0,1221,WK73,6/29/2016
510,D510,0,1221,WK73,6/30/2016
511,D511,0,1221,WK73,7/1/2016
512,D512,0,1222,WK74,7/2/2016
513,D513,0,1222,WK74,7/3/2016
514,D514,0,1222,WK74,7/4/2016
515,D515,0,1222,WK74,7/5/2016
516,D516,0,1222,WK74,7/6/2016
517,D517,0,1222,WK74,7/7/2016
518,D518,0,1222,WK74,7/8/2016
519,D519,0,1223,WK75,7/9/2016
520,D520,0,1223,WK75,7/10/2016
521,D521,0,1223,WK75,7/11/2016
522,D522,0,1223,WK75,7/12/2016
523,D523,0,1223,WK75,7/13/2016
524,D524,0,1223,WK75,7/14/2016
525,D525,0,1223,WK75,7/15/2016
526,D526,0,1224,WK76,7/16/2016
527,D527,0,1224,WK76,7/17/2016
528,D528,0,1224,WK76,7/18/2016
529,D529,0,1224,WK76,7/19/2016
530,D530,0,1224,WK76,7/20/2016
531,D531,0,1224,WK76,7/21/2016
532,D532,0,1224,WK76,7/22/2016
533,D533,0,1225,WK77,7/23/2016
534,D534,0,1225,WK77,7/24/2016
535,D535,0,1225,WK77,7/25/2016
536,D536,0,1225,WK77,7/26/2016
537,D537,0,1225,WK77,7/27/2016
538,D538,0,1225,WK77,7/28/2016
539,D539,0,1225,WK77,7/29/2016
540,D540,0,1226,WK78,7/30/2016
541,D541,0,1226,WK78,7/31/2016
542,D542,0,1226,WK78,8/1/2016
543,D543,0,1226,WK78,8/2/2016
544,D544,0,1226,WK78,8/3/2016
545,D545,0,1226,WK78,8/4/2016
546,D546,0,1226,WK78,8/5/2016
547,D547,0,1227,WK79,8/6/2016
548,D548,0,1227,WK79,8/7/2016
549,D549,0,1227,WK79,8/8/2016
550,D550,0,1227,WK79,8/9/2016
551,D551,0,1227,WK79,8/10/2016
552,D552,0,1227,WK79,8/11/2016
553,D553,0,1227,WK79,8/12/2016
554,D554,0,1228,WK80,8/13/2016
555,D555,0,1228,WK80,8/14/2016
556,D556,0,1228,WK80,8/15/2016
557,D557,0,1228,WK80,8/16/2016
558,D558,0,1228,WK80,8/17/2016
559,D559,0,1228,WK80,8/18/2016
560,D560,0,1228,WK80,8/19/2016
561,D561,0,1229,WK81,8/20/2016
562,D562,0,1229,WK81,8/21/2016
563,D563,0,1229,WK81,8/22/2016
564,D564,0,1229,WK81,8/23/2016
565,D565,0,1229,WK81,8/24/2016
566,D566,0,1229,WK81,8/25/2016
567,D567,0,1229,WK81,8/26/2016
568,D568,0,1230,WK82,8/27/2016
569,D569,0,1230,WK82,8/28/2016
570,D570,0,1230,WK82,8/29/2016
571,D571,0,1230,WK82,8/30/2016
572,D572,0,1230,WK82,8/31/2016
573,D573,0,1230,WK82,9/1/2016
574,D574,0,1230,WK82,9/2/2016
575,D001,0,1272,M01,2/6/2015
576,D002,0,1272,M01,2/7/2015
577,D003,0,1272,M01,2/8/2015
578,D004,0,1272,M01,2/9/2015
579,D005,0,1272,M01,2/10/2015
580,D006,0,1272,M01,2/11/2015
581,D007,0,1272,M01,2/12/2015
582,D008,0,1272,M01,2/13/2015
583,D009,0,1272,M01,2/14/2015
584,D010,0,1272,M01,2/15/2015
585,D011,0,1272,M01,2/16/2015
586,D012,0,1272,M01,2/17/2015
587,D013,0,1272,M01,2/18/2015
588,D014,0,1272,M01,2/19/2015
589,D015,0,1272,M01,2/20/2015
590,D016,0,1272,M01,2/21/2015
591,D017,0,1272,M01,2/22/2015
592,D018,0,1272,M01,2/23/2015
593,D019,0,1272,M01,2/24/2015
594,D020,0,1272,M01,2/25/2015
595,D021,0,1272,M01,2/26/2015
596,D022,0,1272,M01,2/27/2015
597,D023,0,1272,M01,2/28/2015
598,D024,0,1273,M02,3/1/2015
599,D025,0,1273,M02,3/2/2015
600,D026,0,1273,M02,3/3/2015
601,D027,0,1273,M02,3/4/2015
602,D028,0,1273,M02,3/5/2015
603,D029,0,1273,M02,3/6/2015
604,D030,0,1273,M02,3/7/2015
605,D031,0,1273,M02,3/8/2015
606,D032,0,1273,M02,3/9/2015
607,D033,0,1273,M02,3/10/2015
608,D034,0,1273,M02,3/11/2015
609,D035,0,1273,M02,3/12/2015
610,D036,0,1273,M02,3/13/2015
611,D037,0,1273,M02,3/14/2015
612,D038,0,1273,M02,3/15/2015
613,D039,0,1273,M02,3/16/2015
614,D040,0,1273,M02,3/17/2015
615,D041,0,1273,M02,3/18/2015
616,D042,0,1273,M02,3/19/2015
617,D043,0,1273,M02,3/20/2015
618,D044,0,1273,M02,3/21/2015
619,D045,0,1273,M02,3/22/2015
620,D046,0,1273,M02,3/23/2015
621,D047,0,1273,M02,3/24/2015
622,D048,0,1273,M02,3/25/2015
623,D049,0,1273,M02,3/26/2015
624,D050,0,1273,M02,3/27/2015
625,D051,0,1273,M02,3/28/2015
626,D052,0,1273,M02,3/29/2015
627,D053,0,1273,M02,3/30/2015
628,D054,0,1273,M02,3/31/2015
629,D055,0,1274,M03,4/1/2015
630,D056,0,1274,M03,4/2/2015
631,D057,0,1274,M03,4/3/2015
632,D058,0,1274,M03,4/4/2015
633,D059,0,1274,M03,4/5/2015
634,D060,0,1274,M03,4/6/2015
635,D061,0,1274,M03,4/7/2015
636,D062,0,1274,M03,4/8/2015
637,D063,0,1274,M03,4/9/2015
638,D064,0,1274,M03,4/10/2015
639,D065,0,1274,M03,4/11/2015
640,D066,0,1274,M03,4/12/2015
641,D067,0,1274,M03,4/13/2015
642,D068,0,1274,M03,4/14/2015
643,D069,0,1274,M03,4/15/2015
644,D070,0,1274,M03,4/16/2015
645,D071,0,1274,M03,4/17/2015
646,D072,0,1274,M03,4/18/2015
647,D073,0,1274,M03,4/19/2015
648,D074,0,1274,M03,4/20/2015
649,D075,0,1274,M03,4/21/2015
650,D076,0,1274,M03,4/22/2015
651,D077,0,1274,M03,4/23/2015
652,D078,0,1274,M03,4/24/2015
653,D079,0,1274,M03,4/25/2015
654,D080,0,1274,M03,4/26/2015
655,D081,0,1274,M03,4/27/2015
656,D082,0,1274,M03,4/28/2015
657,D083,0,1274,M03,4/29/2015
658,D084,0,1274,M03,4/30/2015
659,D085,0,1275,M04,5/1/2015
660,D086,0,1275,M04,5/2/2015
661,D087,0,1275,M04,5/3/2015
662,D088,0,1275,M04,5/4/2015
663,D089,0,1275,M04,5/5/2015
664,D090,0,1275,M04,5/6/2015
665,D091,0,1275,M04,5/7/2015
666,D092,0,1275,M04,5/8/2015
667,D093,0,1275,M04,5/9/2015
668,D094,0,1275,M04,5/10/2015
669,D095,0,1275,M04,5/11/2015
670,D096,0,1275,M04,5/12/2015
671,D097,0,1275,M04,5/13/2015
672,D098,0,1275,M04,5/14/2015
673,D099,0,1275,M04,5/15/2015
674,D100,0,1275,M04,5/16/2015
675,D101,0,1275,M04,5/17/2015
676,D102,0,1275,M04,5/18/2015
677,D103,0,1275,M04,5/19/2015
678,D104,0,1275,M04,5/20/2015
679,D105,0,1275,M04,5/21/2015
680,D106,0,1275,M04,5/22/2015
681,D107,0,1275,M04,5/23/2015
682,D108,0,1275,M04,5/24/2015
683,D109,0,1275,M04,5/25/2015
684,D110,0,1275,M04,5/26/2015
685,D111,0,1275,M04,5/27/2015
686,D112,0,1275,M04,5/28/2015
687,D113,0,1275,M04,5/29/2015
688,D114,0,1275,M04,5/30/2015
689,D115,0,1275,M04,5/31/2015
690,D116,0,1276,M05,6/1/2015
691,D117,0,1276,M05,6/2/2015
692,D118,0,1276,M05,6/3/2015
693,D119,0,1276,M05,6/4/2015
694,D120,0,1276,M05,6/5/2015
695,D121,0,1276,M05,6/6/2015
696,D122,0,1276,M05,6/7/2015
697,D123,0,1276,M05,6/8/2015
698,D124,0,1276,M05,6/9/2015
699,D125,0,1276,M05,6/10/2015
700,D126,0,1276,M05,6/11/2015
701,D127,0,1276,M05,6/12/2015
702,D128,0,1276,M05,6/13/2015
703,D129,0,1276,M05,6/14/2015
704,D130,0,1276,M05,6/15/2015
705,D131,0,1276,M05,6/16/2015
706,D132,0,1276,M05,6/17/2015
707,D133,0,1276,M05,6/18/2015
708,D134,0,1276,M05,6/19/2015
709,D135,0,1276,M05,6/20/2015
710,D136,0,1276,M05,6/21/2015
711,D137,0,1276,M05,6/22/2015
712,D138,0,1276,M05,6/23/2015
713,D139,0,1276,M05,6/24/2015
714,D140,0,1276,M05,6/25/2015
715,D141,0,1276,M05,6/26/2015
716,D142,0,1276,M05,6/27/2015
717,D143,0,1276,M05,6/28/2015
718,D144,0,1276,M05,6/29/2015
719,D145,0,1276,M05,6/30/2015
720,D146,0,1277,M06,7/1/2015
721,D147,0,1277,M06,7/2/2015
722,D148,0,1277,M06,7/3/2015
723,D149,0,1277,M06,7/4/2015
724,D150,0,1277,M06,7/5/2015
725,D151,0,1277,M06,7/6/2015
726,D152,0,1277,M06,7/7/2015
727,D153,0,1277,M06,7/8/2015
728,D154,0,1277,M06,7/9/2015
729,D155,0,1277,M06,7/10/2015
730,D156,0,1277,M06,7/11/2015
731,D157,0,1277,M06,7/12/2015
732,D158,0,1277,M06,7/13/2015
733,D159,0,1277,M06,7/14/2015
734,D160,0,1277,M06,7/15/2015
735,D161,0,1277,M06,7/16/2015
736,D162,0,1277,M06,7/17/2015
737,D163,0,1277,M06,7/18/2015
738,D164,0,1277,M06,7/19/2015
739,D165,0,1277,M06,7/20/2015
740,D166,0,1277,M06,7/21/2015
741,D167,0,1277,M06,7/22/2015
742,D168,0,1277,M06,7/23/2015
743,D169,0,1277,M06,7/24/2015
744,D170,0,1277,M06,7/25/2015
745,D171,0,1277,M06,7/26/2015
746,D172,0,1277,M06,7/27/2015
747,D173,0,1277,M06,7/28/2015
748,D174,0,1277,M06,7/29/2015
749,D175,0,1277,M06,7/30/2015
750,D176,0,1277,M06,7/31/2015
751,D177,0,1278,M07,8/1/2015
752,D178,0,1278,M07,8/2/2015
753,D179,0,1278,M07,8/3/2015
754,D180,0,1278,M07,8/4/2015
755,D181,0,1278,M07,8/5/2015
756,D182,0,1278,M07,8/6/2015
757,D183,0,1278,M07,8/7/2015
758,D184,0,1278,M07,8/8/2015
759,D185,0,1278,M07,8/9/2015
760,D186,0,1278,M07,8/10/2015
761,D187,0,1278,M07,8/11/2015
762,D188,0,1278,M07,8/12/2015
763,D189,0,1278,M07,8/13/2015
764,D190,0,1278,M07,8/14/2015
765,D191,0,1278,M07,8/15/2015
766,D192,0,1278,M07,8/16/2015
767,D193,0,1278,M07,8/17/2015
768,D194,0,1278,M07,8/18/2015
769,D195,0,1278,M07,8/19/2015
770,D196,0,1278,M07,8/20/2015
771,D197,0,1278,M07,8/21/2015
772,D198,0,1278,M07,8/22/2015
773,D199,0,1278,M07,8/23/2015
774,D200,0,1278,M07,8/24/2015
775,D201,0,1278,M07,8/25/2015
776,D202,0,1278,M07,8/26/2015
777,D203,0,1278,M07,8/27/2015
778,D204,0,1278,M07,8/28/2015
779,D205,0,1278,M07,8/29/2015
780,D206,0,1278,M07,8/30/2015
781,D207,0,1278,M07,8/31/2015
782,D208,0,1279,M08,9/1/2015
783,D209,0,1279,M08,9/2/2015
784,D210,0,1279,M08,9/3/2015
785,D211,0,1279,M08,9/4/2015
786,D212,0,1279,M08,9/5/2015
787,D213,0,1279,M08,9/6/2015
788,D214,0,1279,M08,9/7/2015
789,D215,0,1279,M08,9/8/2015
790,D216,0,1279,M08,9/9/2015
791,D217,0,1279,M08,9/10/2015
792,D218,0,1279,M08,9/11/2015
793,D219,0,1279,M08,9/12/2015
794,D220,0,1279,M08,9/13/2015
795,D221,0,1279,M08,9/14/2015
796,D222,0,1279,M08,9/15/2015
797,D223,0,1279,M08,9/16/2015
798,D224,0,1279,M08,9/17/2015
799,D225,0,1279,M08,9/18/2015
800,D226,0,1279,M08,9/19/2015
801,D227,0,1279,M08,9/20/2015
802,D228,0,1279,M08,9/21/2015
803,D229,0,1279,M08,9/22/2015
804,D230,0,1279,M08,9/23/2015
805,D231,0,1279,M08,9/24/2015
806,D232,0,1279,M08,9/25/2015
807,D233,0,1279,M08,9/26/2015
808,D234,0,1279,M08,9/27/2015
809,D235,0,1279,M08,9/28/2015
810,D236,0,1279,M08,9/29/2015
811,D237,0,1279,M08,9/30/2015
812,D238,0,1280,M09,10/1/2015
813,D239,0,1280,M09,10/2/2015
814,D240,0,1280,M09,10/3/2015
815,D241,0,1280,M09,10/4/2015
816,D242,0,1280,M09,10/5/2015
817,D243,0,1280,M09,10/6/2015
818,D244,0,1280,M09,10/7/2015
819,D245,0,1280,M09,10/8/2015
820,D246,0,1280,M09,10/9/2015
821,D247,0,1280,M09,10/10/2015
822,D248,0,1280,M09,10/11/2015
823,D249,0,1280,M09,10/12/2015
824,D250,0,1280,M09,10/13/2015
825,D251,0,1280,M09,10/14/2015
826,D252,0,1280,M09,10/15/2015
827,D253,0,1280,M09,10/16/2015
828,D254,0,1280,M09,10/17/2015
829,D255,0,1280,M09,10/18/2015
830,D256,0,1280,M09,10/19/2015
831,D257,0,1280,M09,10/20/2015
832,D258,0,1280,M09,10/21/2015
833,D259,0,1280,M09,10/22/2015
834,D260,0,1280,M09,10/23/2015
835,D261,0,1280,M09,10/24/2015
836,D262,0,1280,M09,10/25/2015
837,D263,0,1280,M09,10/26/2015
838,D264,0,1280,M09,10/27/2015
839,D265,0,1280,M09,10/28/2015
840,D266,0,1280,M09,10/29/2015
841,D267,0,1280,M09,10/30/2015
842,D268,0,1280,M09,10/31/2015
843,D269,0,1281,M10,11/1/2015
844,D270,0,1281,M10,11/2/2015
845,D271,0,1281,M10,11/3/2015
846,D272,0,1281,M10,11/4/2015
847,D273,0,1281,M10,11/5/2015
848,D274,0,1281,M10,11/6/2015
849,D275,0,1281,M10,11/7/2015
850,D276,0,1281,M10,11/8/2015
851,D277,0,1281,M10,11/9/2015
852,D278,0,1281,M10,11/10/2015
853,D279,0,1281,M10,11/11/2015
854,D280,0,1281,M10,11/12/2015
855,D281,0,1281,M10,11/13/2015
856,D282,0,1281,M10,11/14/2015
857,D283,0,1281,M10,11/15/2015
858,D284,0,1281,M10,11/16/2015
859,D285,0,1281,M10,11/17/2015
860,D286,0,1281,M10,11/18/2015
861,D287,0,1281,M10,11/19/2015
862,D288,0,1281,M10,11/20/2015
863,D289,0,1281,M10,11/21/2015
864,D290,0,1281,M10,11/22/2015
865,D291,0,1281,M10,11/23/2015
866,D292,0,1281,M10,11/24/2015
867,D293,0,1281,M10,11/25/2015
868,D294,0,1281,M10,11/26/2015
869,D295,0,1281,M10,11/27/2015
870,D296,0,1281,M10,11/28/2015
871,D297,0,1281,M10,11/29/2015
872,D298,0,1281,M10,11/30/2015
873,D299,0,1282,M11,12/1/2015
874,D300,0,1282,M11,12/2/2015
875,D301,0,1282,M11,12/3/2015
876,D302,0,1282,M11,12/4/2015
877,D303,0,1282,M11,12/5/2015
878,D304,0,1282,M11,12/6/2015
879,D305,0,1282,M11,12/7/2015
880,D306,0,1282,M11,12/8/2015
881,D307,0,1282,M11,12/9/2015
882,D308,0,1282,M11,12/10/2015
883,D309,0,1282,M11,12/11/2015
884,D310,0,1282,M11,12/12/2015
885,D311,0,1282,M11,12/13/2015
886,D312,0,1282,M11,12/14/2015
887,D313,0,1282,M11,12/15/2015
888,D314,0,1282,M11,12/16/2015
889,D315,0,1282,M11,12/17/2015
890,D316,0,1282,M11,12/18/2015
891,D317,0,1282,M11,12/19/2015
892,D318,0,1282,M11,12/20/2015
893,D319,0,1282,M11,12/21/2015
894,D320,0,1282,M11,12/22/2015
895,D321,0,1282,M11,12/23/2015
896,D322,0,1282,M11,12/24/2015
897,D323,0,1282,M11,12/25/2015
898,D324,0,1282,M11,12/26/2015
899,D325,0,1282,M11,12/27/2015
900,D326,0,1282,M11,12/28/2015
901,D327,0,1282,M11,12/29/2015
902,D328,0,1282,M11,12/30/2015
903,D329,0,1282,M11,12/31/2015
904,D330,0,1283,M12,1/1/2016
905,D331,0,1283,M12,1/2/2016
906,D332,0,1283,M12,1/3/2016
907,D333,0,1283,M12,1/4/2016
908,D334,0,1283,M12,1/5/2016
909,D335,0,1283,M12,1/6/2016
910,D336,0,1283,M12,1/7/2016
911,D337,0,1283,M12,1/8/2016
912,D338,0,1283,M12,1/9/2016
913,D339,0,1283,M12,1/10/2016
914,D340,0,1283,M12,1/11/2016
915,D341,0,1283,M12,1/12/2016
916,D342,0,1283,M12,1/13/2016
917,D343,0,1283,M12,1/14/2016
918,D344,0,1283,M12,1/15/2016
919,D345,0,1283,M12,1/16/2016
920,D346,0,1283,M12,1/17/2016
921,D347,0,1283,M12,1/18/2016
922,D348,0,1283,M12,1/19/2016
923,D349,0,1283,M12,1/20/2016
924,D350,0,1283,M12,1/21/2016
925,D351,0,1283,M12,1/22/2016
926,D352,0,1283,M12,1/23/2016
927,D353,0,1283,M12,1/24/2016
928,D354,0,1283,M12,1/25/2016
929,D355,0,1283,M12,1/26/2016
930,D356,0,1283,M12,1/27/2016
931,D357,0,1283,M12,1/28/2016
932,D358,0,1283,M12,1/29/2016
933,D359,0,1283,M12,1/30/2016
934,D360,0,1283,M12,1/31/2016
935,D361,0,1284,M13,2/1/2016
936,D362,0,1284,M13,2/2/2016
937,D363,0,1284,M13,2/3/2016
938,D364,0,1284,M13,2/4/2016
939,D365,0,1284,M13,2/5/2016
940,D366,0,1284,M13,2/6/2016
941,D367,0,1284,M13,2/7/2016
942,D368,0,1284,M13,2/8/2016
943,D369,0,1284,M13,2/9/2016
944,D370,0,1284,M13,2/10/2016
945,D371,0,1284,M13,2/11/2016
946,D372,0,1284,M13,2/12/2016
947,D373,0,1284,M13,2/13/2016
948,D374,0,1284,M13,2/14/2016
949,D375,0,1284,M13,2/15/2016
950,D376,0,1284,M13,2/16/2016
951,D377,0,1284,M13,2/17/2016
952,D378,0,1284,M13,2/18/2016
953,D379,0,1284,M13,2/19/2016
954,D380,0,1284,M13,2/20/2016
955,D381,0,1284,M13,2/21/2016
956,D382,0,1284,M13,2/22/2016
957,D383,0,1284,M13,2/23/2016
958,D384,0,1284,M13,2/24/2016
959,D385,0,1284,M13,2/25/2016
960,D386,0,1284,M13,2/26/2016
961,D387,0,1284,M13,2/27/2016
962,D388,0,1284,M13,2/28/2016
963,D389,0,1285,M14,3/1/2016
964,D390,0,1285,M14,3/2/2016
965,D391,0,1285,M14,3/3/2016
966,D392,0,1285,M14,3/4/2016
967,D393,0,1285,M14,3/5/2016
968,D394,0,1285,M14,3/6/2016
969,D395,0,1285,M14,3/7/2016
970,D396,0,1285,M14,3/8/2016
971,D397,0,1285,M14,3/9/2016
972,D398,0,1285,M14,3/10/2016
973,D399,0,1285,M14,3/11/2016
974,D400,0,1285,M14,3/12/2016
975,D401,0,1285,M14,3/13/2016
976,D402,0,1285,M14,3/14/2016
977,D403,0,1285,M14,3/15/2016
978,D404,0,1285,M14,3/16/2016
979,D405,0,1285,M14,3/17/2016
980,D406,0,1285,M14,3/18/2016
981,D407,0,1285,M14,3/19/2016
982,D408,0,1285,M14,3/20/2016
983,D409,0,1285,M14,3/21/2016
984,D410,0,1285,M14,3/22/2016
985,D411,0,1285,M14,3/23/2016
986,D412,0,1285,M14,3/24/2016
987,D413,0,1285,M14,3/25/2016
988,D414,0,1285,M14,3/26/2016
989,D415,0,1285,M14,3/27/2016
990,D416,0,1285,M14,3/28/2016
991,D417,0,1285,M14,3/29/2016
992,D418,0,1285,M14,3/30/2016
993,D419,0,1285,M14,3/31/2016
994,D420,0,1286,M15,4/1/2016
995,D421,0,1286,M15,4/2/2016
996,D422,0,1286,M15,4/3/2016
997,D423,0,1286,M15,4/4/2016
998,D424,0,1286,M15,4/5/2016
999,D425,0,1286,M15,4/6/2016
1000,D426,0,1286,M15,4/7/2016
1001,D427,0,1286,M15,4/8/2016
1002,D428,0,1286,M15,4/9/2016
1003,D429,0,1286,M15,4/10/2016
1004,D430,0,1286,M15,4/11/2016
1005,D431,0,1286,M15,4/12/2016
1006,D432,0,1286,M15,4/13/2016
1007,D433,0,1286,M15,4/14/2016
1008,D434,0,1286,M15,4/15/2016
1009,D435,0,1286,M15,4/16/2016
1010,D436,0,1286,M15,4/17/2016
1011,D437,0,1286,M15,4/18/2016
1012,D438,0,1286,M15,4/19/2016
1013,D439,0,1286,M15,4/20/2016
1014,D440,0,1286,M15,4/21/2016
1015,D441,0,1286,M15,4/22/2016
1016,D442,0,1286,M15,4/23/2016
1017,D443,0,1286,M15,4/24/2016
1018,D444,0,1286,M15,4/25/2016
1019,D445,0,1286,M15,4/26/2016
1020,D446,0,1286,M15,4/27/2016
1021,D447,0,1286,M15,4/28/2016
1022,D448,0,1286,M15,4/29/2016
1023,D449,0,1286,M15,4/30/2016
1024,D450,0,1287,M16,5/1/2016
1025,D451,0,1287,M16,5/2/2016
1026,D452,0,1287,M16,5/3/2016
1027,D453,0,1287,M16,5/4/2016
1028,D454,0,1287,M16,5/5/2016
1029,D455,0,1287,M16,5/6/2016
1030,D456,0,1287,M16,5/7/2016
1031,D457,0,1287,M16,5/8/2016
1032,D458,0,1287,M16,5/9/2016
1033,D459,0,1287,M16,5/10/2016
1034,D460,0,1287,M16,5/11/2016
1035,D461,0,1287,M16,5/12/2016
1036,D462,0,1287,M16,5/13/2016
1037,D463,0,1287,M16,5/14/2016
1038,D464,0,1287,M16,5/15/2016
1039,D465,0,1287,M16,5/16/2016
1040,D466,0,1287,M16,5/17/2016
1041,D467,0,1287,M16,5/18/2016
1042,D468,0,1287,M16,5/19/2016
1043,D469,0,1287,M16,5/20/2016
1044,D470,0,1287,M16,5/21/2016
1045,D471,0,1287,M16,5/22/2016
1046,D472,0,1287,M16,5/23/2016
1047,D473,0,1287,M16,5/24/2016
1048,D474,0,1287,M16,5/25/2016
1049,D475,0,1287,M16,5/26/2016
1050,D476,0,1287,M16,5/27/2016
1051,D477,0,1287,M16,5/28/2016
1052,D478,0,1287,M16,5/29/2016
1053,D479,0,1287,M16,5/30/2016
1054,D480,0,1287,M16,5/31/2016
1055,D481,0,1288,M17,6/1/2016
1056,D482,0,1288,M17,6/2/2016
1057,D483,0,1288,M17,6/3/2016
1058,D484,0,1288,M17,6/4/2016
1059,D485,0,1288,M17,6/5/2016
1060,D486,0,1288,M17,6/6/2016
1061,D487,0,1288,M17,6/7/2016
1062,D488,0,1288,M17,6/8/2016
1063,D489,0,1288,M17,6/9/2016
1064,D490,0,1288,M17,6/10/2016
1065,D491,0,1288,M17,6/11/2016
1066,D492,0,1288,M17,6/12/2016
1067,D493,0,1288,M17,6/13/2016
1068,D494,0,1288,M17,6/14/2016
1069,D495,0,1288,M17,6/15/2016
1070,D496,0,1288,M17,6/16/2016
1071,D497,0,1288,M17,6/17/2016
1072,D498,0,1288,M17,6/18/2016
1073,D499,0,1288,M17,6/19/2016
1074,D500,0,1288,M17,6/20/2016
1075,D501,0,1288,M17,6/21/2016
1076,D502,0,1288,M17,6/22/2016
1077,D503,0,1288,M17,6/23/2016
1078,D504,0,1288,M17,6/24/2016
1079,D505,0,1288,M17,6/25/2016
1080,D506,0,1288,M17,6/26/2016
1081,D507,0,1288,M17,6/27/2016
1082,D508,0,1288,M17,6/28/2016
1083,D509,0,1288,M17,6/29/2016
1084,D510,0,1288,M17,6/30/2016
1085,D511,0,1289,M18,7/1/2016
1086,D512,0,1289,M18,7/2/2016
1087,D513,0,1289,M18,7/3/2016
1088,D514,0,1289,M18,7/4/2016
1089,D515,0,1289,M18,7/5/2016
1090,D516,0,1289,M18,7/6/2016
1091,D517,0,1289,M18,7/7/2016
1092,D518,0,1289,M18,7/8/2016
1093,D519,0,1289,M18,7/9/2016
1094,D520,0,1289,M18,7/10/2016
1095,D521,0,1289,M18,7/11/2016
1096,D522,0,1289,M18,7/12/2016
1097,D523,0,1289,M18,7/13/2016
1098,D524,0,1289,M18,7/14/2016
1099,D525,0,1289,M18,7/15/2016
1100,D526,0,1289,M18,7/16/2016
1101,D527,0,1289,M18,7/17/2016
1102,D528,0,1289,M18,7/18/2016
1103,D529,0,1289,M18,7/19/2016
1104,D530,0,1289,M18,7/20/2016
1105,D531,0,1289,M18,7/21/2016
1106,D532,0,1289,M18,7/22/2016
1107,D533,0,1289,M18,7/23/2016
1108,D534,0,1289,M18,7/24/2016
1109,D535,0,1289,M18,7/25/2016
1110,D536,0,1289,M18,7/26/2016
1111,D537,0,1289,M18,7/27/2016
1112,D538,0,1289,M18,7/28/2016
1113,D539,0,1289,M18,7/29/2016
1114,D540,0,1289,M18,7/30/2016
1115,D541,0,1289,M18,7/31/2016
1116,D542,0,1290,M19,8/1/2016
1117,D543,0,1290,M19,8/2/2016
1118,D544,0,1290,M19,8/3/2016
1119,D545,0,1290,M19,8/4/2016
1120,D546,0,1290,M19,8/5/2016
1121,D547,0,1290,M19,8/6/2016
1122,D548,0,1290,M19,8/7/2016
1123,D549,0,1290,M19,8/8/2016
1124,D550,0,1290,M19,8/9/2016
1125,D551,0,1290,M19,8/10/2016
1126,D552,0,1290,M19,8/11/2016
1127,D553,0,1290,M19,8/12/2016
1128,D554,0,1290,M19,8/13/2016
1129,D555,0,1290,M19,8/14/2016
1130,D556,0,1290,M19,8/15/2016
1131,D557,0,1290,M19,8/16/2016
1132,D558,0,1290,M19,8/17/2016
1133,D559,0,1290,M19,8/18/2016
1134,D560,0,1290,M19,8/19/2016
1135,D561,0,1290,M19,8/20/2016
1136,D562,0,1290,M19,8/21/2016
1137,D563,0,1290,M19,8/22/2016
1138,D564,0,1290,M19,8/23/2016
1139,D565,0,1290,M19,8/24/2016
1140,D566,0,1290,M19,8/25/2016
1141,D567,0,1290,M19,8/26/2016
1142,D568,0,1290,M19,8/27/2016
1143,D569,0,1290,M19,8/28/2016
1144,D570,0,1290,M19,8/29/2016
1145,D571,0,1290,M19,8/30/2016
1146,D572,0,1290,M19,8/31/2016
1147,D573,0,1291,M20,9/1/2016
1148,D574,0,1291,M20,9/2/2016
1149,WK01,1,1231,BW1,2/06/2015 - 2/12/2015
1150,WK02,1,1231,BW1,2/13/2015 - 2/19/2015
1151,WK03,1,1232,BW2,2/20/2015 - 2/26/2015
1152,WK04,1,1232,BW2,2/27/2015 - 3/05/2015
1153,WK05,1,1233,BW3,3/06/2015 - 3/12/2015
1154,WK06,1,1233,BW3,3/13/2015 - 3/19/2015
1155,WK07,1,1234,BW4,3/20/2015 - 3/26/2015
1156,WK08,1,1234,BW4,3/27/2015 - 4/02/2015
1157,WK09,1,1235,BW5,4/03/2015 - 4/09/2015
1158,WK10,1,1235,BW5,4/10/2015 - 4/16/2015
1159,WK11,1,1236,BW6,4/17/2015 - 4/23/2015
1160,WK12,1,1236,BW6,4/24/2015 - 4/30/2015
1161,WK13,1,1237,BW7,5/01/2015 - 5/07/2015
1162,WK14,1,1237,BW7,5/08/2015 - 5/14/2015
1163,WK15,1,1238,BW8,5/15/2015 - 5/21/2015
1164,WK16,1,1238,BW8,5/22/2015 - 5/28/2015
1165,WK17,1,1239,BW9,5/29/2015 - 6/04/2015
1166,WK18,1,1239,BW9,6/05/2015 - 6/11/2015
1167,WK19,1,1240,BW10,6/12/2015 - 6/18/2015
1168,WK20,1,1240,BW10,6/19/2015 - 6/25/2015
1169,WK21,1,1241,BW11,6/26/2015 - 7/02/2015
1170,WK22,1,1241,BW11,7/03/2015 - 7/09/2015
1171,WK23,1,1242,BW12,7/10/2015 - 7/16/2015
1172,WK24,1,1242,BW12,7/17/2015 - 7/23/2015
1173,WK25,1,1243,BW13,7/24/2015 - 7/30/2015
1174,WK26,1,1243,BW13,7/31/2015 - 8/06/2015
1175,WK27,1,1244,BW14,8/07/2015 - 8/13/2015
1176,WK28,1,1244,BW14,8/14/2015 - 8/20/2015
1177,WK29,1,1245,BW15,8/21/2015 - 8/27/2015
1178,WK30,1,1245,BW15,8/28/2015 - 9/03/2015
1179,WK31,1,1246,BW16,9/04/2015 - 9/10/2015
1180,WK32,1,1246,BW16,9/11/2015 - 9/17/2015
1181,WK33,1,1247,BW17,9/18/2015 - 9/24/2015
1182,WK34,1,1247,BW17,9/25/2015 - 10/01/2015
1183,WK35,1,1248,BW18,10/02/2015 - 10/08/2015
1184,WK36,1,1248,BW18,10/09/2015 - 10/15/2015
1185,WK37,1,1249,BW19,10/16/2015 - 10/22/2015
1186,WK38,1,1249,BW19,10/23/2015 - 10/29/2015
1187,WK39,1,1250,BW20,10/30/2015 - 11/05/2015
1188,WK40,1,1250,BW20,11/06/2015 - 11/12/2015
1189,WK41,1,1251,BW21,11/13/2015 - 11/19/2015
1190,WK42,1,1251,BW21,11/20/2015 - 11/26/2015
1191,WK43,1,1252,BW22,11/27/2015 - 12/03/2015
1192,WK44,1,1252,BW22,12/04/2015 - 12/10/2015
1193,WK45,1,1253,BW23,12/11/2015 - 12/17/2015
1194,WK46,1,1253,BW23,12/18/2015 - 12/24/2015
1195,WK47,1,1254,BW24,12/25/2015 - 12/31/2015
1196,WK48,1,1254,BW24,1/01/2016 - 1/07/2016
1197,WK49,1,1255,BW25,1/08/2016 - 1/14/2016
1198,WK50,1,1255,BW25,1/15/2016 - 1/21/2016
1199,WK51,1,1256,BW26,1/22/2016 - 1/28/2016
1200,WK52,1,1256,BW26,1/29/2016 - 2/04/2016
1201,WK53,1,1257,BW27,2/05/2016 - 2/11/2016
1202,WK54,1,1257,BW27,2/12/2016 - 2/18/2016
1203,WK55,1,1258,BW28,2/19/2016 - 2/25/2016
1204,WK56,1,1258,BW28,2/26/2016 - 3/04/2016
1205,WK57,1,1259,BW29,3/05/2016 - 3/11/2016
1206,WK58,1,1259,BW29,3/12/2016 - 3/18/2016
1207,WK59,1,1260,BW30,3/19/2016 - 3/25/2016
1208,WK60,1,1260,BW30,3/26/2016 - 4/01/2016
1209,WK61,1,1261,BW31,4/02/2016 - 4/08/2016
1210,WK62,1,1261,BW31,4/09/2016 - 4/15/2016
1211,WK63,1,1262,BW32,4/16/2016 - 4/22/2016
1212,WK64,1,1262,BW32,4/23/2016 - 4/29/2016
1213,WK65,1,1263,BW33,4/30/2016 - 5/06/2016
1214,WK66,1,1263,BW33,5/07/2016 - 5/13/2016
1215,WK67,1,1264,BW34,5/14/2016 - 5/20/2016
1216,WK68,1,1264,BW34,5/21/2016 - 5/27/2016
1217,WK69,1,1265,BW35,5/28/2016 -6/03/2016
1218,WK70,1,1265,BW35,6/04/2016 - 6/10/2016
1219,WK71,1,1266,BW36,6/11/2016 - 6/17/2016
1220,WK72,1,1266,BW36,6/18/2016 - 6/24/2016
1221,WK73,1,1267,BW37,6/25/2015 - 7/01/2016
1222,WK74,1,1267,BW37,7/02/2016 - 7/08/2016
1223,WK75,1,1268,BW38,7/09/2016 - 7/15/2016
1224,WK76,1,1268,BW38,7/16/2016 - 7/22/2016
1225,WK77,1,1269,BW39,7/23/2016 - 7/29/2016
1226,WK78,1,1269,BW39,7/30/2016 - 8/05/2016
1227,WK79,1,1270,BW40,8/06/2016 - 8/12/2016
1228,WK80,1,1270,BW40,8/13/2016 - 8/19/2016
1229,WK81,1,1271,BW41,8/20/2016 - 8/26/2016
1230,WK82,1,1271,BW41,8/27/2016 - 9/02/2016
1231,BW01,2,,,2/06/2015 - 2/19/2015
1232,BW02,2,,,2/20/2015 - 3/05/2015
1233,BW03,2,,,3/06/2015 - 3/19/2015
1234,BW04,2,,,3/20/2015 - 4/02/2015
1235,BW05,2,,,4/03/2015 - 4/16/2015
1236,BW06,2,,,4/17/2015 - 4/30/2015
1237,BW07,2,,,5/01/2015 - 5/14/2015
1238,BW08,2,,,5/15/2015 - 5/28/2015
1239,BW09,2,,,5/29/2015 - 6/11/2015
1240,BW10,2,,,6/12/2015 - 6/25/2015
1241,BW11,2,,,6/26/2015 - 7/09/2015
1242,BW12,2,,,7/10/2015 - 7/23/2015
1243,BW13,2,,,7/24/2015 - 8/06/2015
1244,BW14,2,,,8/07/2015 - 8/20/2015
1245,BW15,2,,,8/21/2015 - 9/03/2015
1246,BW16,2,,,9/04/2015 - 9/17/2015
1247,BW17,2,,,9/18/2015 - 10/01/2015
1248,BW18,2,,,10/02/2015 - 10/15/2015
1249,BW19,2,,,10/16/2015 - 10/29/2015
1250,BW20,2,,,10/30/2015 - 11/12/2015
1251,BW21,2,,,11/13/2015 - 11/26/2015
1252,BW22,2,,,11/27/2015 - 12/10/2015
1253,BW23,2,,,12/11/2015 - 12/24/2015
1254,BW24,2,,,12/25/2015 - 1/07/2016
1255,BW25,2,,,1/08/2016 - 1/21/2016
1256,BW26,2,,,1/22/2016 - 2/04/2016
1257,BW27,2,,,2/05/2016 - 2/18/2016
1258,BW28,2,,,2/19/2016 - 3/04/2016
1259,BW29,2,,,3/05/2016 - 3/18/2016
1260,BW30,2,,,3/19/2016 - 4/01/2016
1261,BW31,2,,,4/02/2016 - 4/15/2016
1262,BW32,2,,,4/16/2016 - 4/29/2016
1263,BW33,2,,,4/30/2016 - 5/13/2016
1264,BW34,2,,,5/14/2016 - 5/27/2016
1265,BW35,2,,,5/28/2016 - 6/10/2016
1266,BW36,2,,,6/11/2016 - 6/24/2016
1267,BW37,2,,,6/25/2016 - 7/08/2016
1268,BW38,2,,,7/09/2016 - 7/22/2016
1269,BW39,2,,,7/23/2016 - 8/05/2016
1270,BW40,2,,,8/06/2016 - 8/19/2016
1271,BW41,2,,,8/20/2016 - 9/02/2016
1272,M01,3,1292,Q01,15-Feb
1273,M02,3,1292,Q01,15-Mar
1274,M03,3,1292,Q01,15-Apr
1275,M04,3,1292,Q01,15-May
1276,M05,3,1292,Q01,15-Jun
1277,M06,3,1293,Q02,15-Jul
1278,M07,3,1293,Q02,15-Aug
1279,M08,3,1293,Q02,15-Sep
1280,M09,3,1293,Q02,15-Oct
1281,M10,3,1293,Q02,15-Nov
1282,M11,3,1294,Q03,15-Dec
1283,M12,3,1294,Q03,16-Jan
1284,M13,3,1294,Q03,16-Feb
1285,M14,3,1294,Q03,16-Mar
1286,M15,3,1294,Q03,16-Apr
1287,M16,3,1295,Q04,16-May
1288,M17,3,1295,Q04,16-Jun
1289,M18,3,1295,Q04,16-Jul
1290,M19,3,1295,Q04,16-Aug
1291,M20,3,1295,Q04,16-Sep
1292,Q01,4,1296,H01,February - June 2015
1293,Q02,4,1296,H01,July - November 2015
1294,Q03,4,1297,H02,December 2015 - April 2016
1295,Q04,4,1297,H02,May - September 2016
1296,H01,5,1298,Y01,February - November 2015
1297,H02,5,1299,Y02,December 2015 - September 2016
1298,Y01,6,,,2015
1299,Y02,6,,,2016
